,Month,Rainfall,forecast
1970-01-01 00:00:00.000000000,1901-01-01,28.7,
1970-01-01 00:00:00.000000001,1901-02-01,44.7,
1970-01-01 00:00:00.000000002,1901-03-01,51.6,
1970-01-01 00:00:00.000000003,1901-04-01,160.0,
1970-01-01 00:00:00.000000004,1901-05-01,174.7,
1970-01-01 00:00:00.000000005,1901-06-01,824.6,
1970-01-01 00:00:00.000000006,1901-07-01,743.0,
1970-01-01 00:00:00.000000007,1901-08-01,357.5,
1970-01-01 00:00:00.000000008,1901-09-01,197.7,
1970-01-01 00:00:00.000000009,1901-10-01,266.9,
1970-01-01 00:00:00.000000010,1901-11-01,350.8,
1970-01-01 00:00:00.000000011,1901-12-01,48.4,
1970-01-01 00:00:00.000000012,1902-01-01,6.7,
1970-01-01 00:00:00.000000013,1902-02-01,2.6,
1970-01-01 00:00:00.000000014,1902-03-01,57.3,
1970-01-01 00:00:00.000000015,1902-04-01,83.9,
1970-01-01 00:00:00.000000016,1902-05-01,134.5,
1970-01-01 00:00:00.000000017,1902-06-01,390.9,
1970-01-01 00:00:00.000000018,1902-07-01,1205.0,
1970-01-01 00:00:00.000000019,1902-08-01,315.8,
1970-01-01 00:00:00.000000020,1902-09-01,491.6,
1970-01-01 00:00:00.000000021,1902-10-01,358.4,
1970-01-01 00:00:00.000000022,1902-11-01,158.3,
1970-01-01 00:00:00.000000023,1902-12-01,121.5,
1970-01-01 00:00:00.000000024,1903-01-01,3.2,
1970-01-01 00:00:00.000000025,1903-02-01,18.6,
1970-01-01 00:00:00.000000026,1903-03-01,3.1,
1970-01-01 00:00:00.000000027,1903-04-01,83.6,
1970-01-01 00:00:00.000000028,1903-05-01,249.7,
1970-01-01 00:00:00.000000029,1903-06-01,558.6,
1970-01-01 00:00:00.000000030,1903-07-01,1022.5,
1970-01-01 00:00:00.000000031,1903-08-01,420.2,
1970-01-01 00:00:00.000000032,1903-09-01,341.8,
1970-01-01 00:00:00.000000033,1903-10-01,354.1,
1970-01-01 00:00:00.000000034,1903-11-01,157.0,
1970-01-01 00:00:00.000000035,1903-12-01,59.0,
1970-01-01 00:00:00.000000036,1904-01-01,23.7,
1970-01-01 00:00:00.000000037,1904-02-01,3.0,
1970-01-01 00:00:00.000000038,1904-03-01,32.2,
1970-01-01 00:00:00.000000039,1904-04-01,71.5,
1970-01-01 00:00:00.000000040,1904-05-01,235.7,
1970-01-01 00:00:00.000000041,1904-06-01,1098.2,
1970-01-01 00:00:00.000000042,1904-07-01,725.5,
1970-01-01 00:00:00.000000043,1904-08-01,351.8,
1970-01-01 00:00:00.000000044,1904-09-01,222.7,
1970-01-01 00:00:00.000000045,1904-10-01,328.1,
1970-01-01 00:00:00.000000046,1904-11-01,33.9,
1970-01-01 00:00:00.000000047,1904-12-01,3.3,
1970-01-01 00:00:00.000000048,1905-01-01,1.2,
1970-01-01 00:00:00.000000049,1905-02-01,22.3,
1970-01-01 00:00:00.000000050,1905-03-01,9.4,
1970-01-01 00:00:00.000000051,1905-04-01,105.9,
1970-01-01 00:00:00.000000052,1905-05-01,263.3,
1970-01-01 00:00:00.000000053,1905-06-01,850.2,
1970-01-01 00:00:00.000000054,1905-07-01,520.5,
1970-01-01 00:00:00.000000055,1905-08-01,293.6,
1970-01-01 00:00:00.000000056,1905-09-01,217.2,
1970-01-01 00:00:00.000000057,1905-10-01,383.5,
1970-01-01 00:00:00.000000058,1905-11-01,74.4,
1970-01-01 00:00:00.000000059,1905-12-01,0.2,
1970-01-01 00:00:00.000000060,1906-01-01,26.7,
1970-01-01 00:00:00.000000061,1906-02-01,7.4,
1970-01-01 00:00:00.000000062,1906-03-01,9.9,
1970-01-01 00:00:00.000000063,1906-04-01,59.4,
1970-01-01 00:00:00.000000064,1906-05-01,160.8,
1970-01-01 00:00:00.000000065,1906-06-01,414.9,
1970-01-01 00:00:00.000000066,1906-07-01,954.2,
1970-01-01 00:00:00.000000067,1906-08-01,442.8,
1970-01-01 00:00:00.000000068,1906-09-01,131.2,
1970-01-01 00:00:00.000000069,1906-10-01,251.7,
1970-01-01 00:00:00.000000070,1906-11-01,163.1,
1970-01-01 00:00:00.000000071,1906-12-01,86.0,
1970-01-01 00:00:00.000000072,1907-01-01,18.8,
1970-01-01 00:00:00.000000073,1907-02-01,4.8,
1970-01-01 00:00:00.000000074,1907-03-01,55.7,
1970-01-01 00:00:00.000000075,1907-04-01,170.8,
1970-01-01 00:00:00.000000076,1907-05-01,101.4,
1970-01-01 00:00:00.000000077,1907-06-01,770.9,
1970-01-01 00:00:00.000000078,1907-07-01,760.4,
1970-01-01 00:00:00.000000079,1907-08-01,981.5,
1970-01-01 00:00:00.000000080,1907-09-01,225.0,
1970-01-01 00:00:00.000000081,1907-10-01,309.7,
1970-01-01 00:00:00.000000082,1907-11-01,219.1,
1970-01-01 00:00:00.000000083,1907-12-01,52.8,
1970-01-01 00:00:00.000000084,1908-01-01,8.0,
1970-01-01 00:00:00.000000085,1908-02-01,20.8,
1970-01-01 00:00:00.000000086,1908-03-01,38.2,
1970-01-01 00:00:00.000000087,1908-04-01,102.9,
1970-01-01 00:00:00.000000088,1908-05-01,142.6,
1970-01-01 00:00:00.000000089,1908-06-01,592.6,
1970-01-01 00:00:00.000000090,1908-07-01,902.2,
1970-01-01 00:00:00.000000091,1908-08-01,352.9,
1970-01-01 00:00:00.000000092,1908-09-01,175.9,
1970-01-01 00:00:00.000000093,1908-10-01,253.3,
1970-01-01 00:00:00.000000094,1908-11-01,47.9,
1970-01-01 00:00:00.000000095,1908-12-01,11.0,
1970-01-01 00:00:00.000000096,1909-01-01,54.1,
1970-01-01 00:00:00.000000097,1909-02-01,11.8,
1970-01-01 00:00:00.000000098,1909-03-01,61.3,
1970-01-01 00:00:00.000000099,1909-04-01,93.8,
1970-01-01 00:00:00.000000100,1909-05-01,473.2,
1970-01-01 00:00:00.000000101,1909-06-01,704.7,
1970-01-01 00:00:00.000000102,1909-07-01,782.3,
1970-01-01 00:00:00.000000103,1909-08-01,258.0,
1970-01-01 00:00:00.000000104,1909-09-01,195.4,
1970-01-01 00:00:00.000000105,1909-10-01,212.1,
1970-01-01 00:00:00.000000106,1909-11-01,171.1,
1970-01-01 00:00:00.000000107,1909-12-01,32.3,
1970-01-01 00:00:00.000000108,1910-01-01,2.7,
1970-01-01 00:00:00.000000109,1910-02-01,25.7,
1970-01-01 00:00:00.000000110,1910-03-01,23.3,
1970-01-01 00:00:00.000000111,1910-04-01,124.5,
1970-01-01 00:00:00.000000112,1910-05-01,148.8,
1970-01-01 00:00:00.000000113,1910-06-01,680.0,
1970-01-01 00:00:00.000000114,1910-07-01,484.1,
1970-01-01 00:00:00.000000115,1910-08-01,473.8,
1970-01-01 00:00:00.000000116,1910-09-01,248.6,
1970-01-01 00:00:00.000000117,1910-10-01,356.6,
1970-01-01 00:00:00.000000118,1910-11-01,280.4,
1970-01-01 00:00:00.000000119,1910-12-01,0.1,
1970-01-01 00:00:00.000000120,1911-01-01,3.0,
1970-01-01 00:00:00.000000121,1911-02-01,4.3,
1970-01-01 00:00:00.000000122,1911-03-01,18.2,
1970-01-01 00:00:00.000000123,1911-04-01,51.0,
1970-01-01 00:00:00.000000124,1911-05-01,180.6,
1970-01-01 00:00:00.000000125,1911-06-01,990.0,
1970-01-01 00:00:00.000000126,1911-07-01,705.3,
1970-01-01 00:00:00.000000127,1911-08-01,178.6,
1970-01-01 00:00:00.000000128,1911-09-01,60.2,
1970-01-01 00:00:00.000000129,1911-10-01,302.3,
1970-01-01 00:00:00.000000130,1911-11-01,145.7,
1970-01-01 00:00:00.000000131,1911-12-01,87.6,
1970-01-01 00:00:00.000000132,1912-01-01,1.9,
1970-01-01 00:00:00.000000133,1912-02-01,15.0,
1970-01-01 00:00:00.000000134,1912-03-01,11.2,
1970-01-01 00:00:00.000000135,1912-04-01,122.7,
1970-01-01 00:00:00.000000136,1912-05-01,217.3,
1970-01-01 00:00:00.000000137,1912-06-01,948.2,
1970-01-01 00:00:00.000000138,1912-07-01,833.6,
1970-01-01 00:00:00.000000139,1912-08-01,534.4,
1970-01-01 00:00:00.000000140,1912-09-01,136.8,
1970-01-01 00:00:00.000000141,1912-10-01,469.5,
1970-01-01 00:00:00.000000142,1912-11-01,138.7,
1970-01-01 00:00:00.000000143,1912-12-01,22.0,
1970-01-01 00:00:00.000000144,1913-01-01,3.1,
1970-01-01 00:00:00.000000145,1913-02-01,5.2,
1970-01-01 00:00:00.000000146,1913-03-01,20.7,
1970-01-01 00:00:00.000000147,1913-04-01,75.7,
1970-01-01 00:00:00.000000148,1913-05-01,198.8,
1970-01-01 00:00:00.000000149,1913-06-01,541.7,
1970-01-01 00:00:00.000000150,1913-07-01,763.2,
1970-01-01 00:00:00.000000151,1913-08-01,247.2,
1970-01-01 00:00:00.000000152,1913-09-01,176.9,
1970-01-01 00:00:00.000000153,1913-10-01,422.5,
1970-01-01 00:00:00.000000154,1913-11-01,109.9,
1970-01-01 00:00:00.000000155,1913-12-01,45.8,
1970-01-01 00:00:00.000000156,1914-01-01,0.7,
1970-01-01 00:00:00.000000157,1914-02-01,6.8,
1970-01-01 00:00:00.000000158,1914-03-01,18.1,
1970-01-01 00:00:00.000000159,1914-04-01,32.7,
1970-01-01 00:00:00.000000160,1914-05-01,164.2,
1970-01-01 00:00:00.000000161,1914-06-01,565.3,
1970-01-01 00:00:00.000000162,1914-07-01,857.7,
1970-01-01 00:00:00.000000163,1914-08-01,402.2,
1970-01-01 00:00:00.000000164,1914-09-01,241.0,
1970-01-01 00:00:00.000000165,1914-10-01,374.4,
1970-01-01 00:00:00.000000166,1914-11-01,100.9,
1970-01-01 00:00:00.000000167,1914-12-01,135.2,
1970-01-01 00:00:00.000000168,1915-01-01,16.9,
1970-01-01 00:00:00.000000169,1915-02-01,23.5,
1970-01-01 00:00:00.000000170,1915-03-01,42.7,
1970-01-01 00:00:00.000000171,1915-04-01,106.0,
1970-01-01 00:00:00.000000172,1915-05-01,154.5,
1970-01-01 00:00:00.000000173,1915-06-01,696.1,
1970-01-01 00:00:00.000000174,1915-07-01,775.6,
1970-01-01 00:00:00.000000175,1915-08-01,298.8,
1970-01-01 00:00:00.000000176,1915-09-01,396.6,
1970-01-01 00:00:00.000000177,1915-10-01,196.6,
1970-01-01 00:00:00.000000178,1915-11-01,302.5,
1970-01-01 00:00:00.000000179,1915-12-01,14.9,
1970-01-01 00:00:00.000000180,1916-01-01,0.0,
1970-01-01 00:00:00.000000181,1916-02-01,7.8,
1970-01-01 00:00:00.000000182,1916-03-01,22.0,
1970-01-01 00:00:00.000000183,1916-04-01,82.4,
1970-01-01 00:00:00.000000184,1916-05-01,199.0,
1970-01-01 00:00:00.000000185,1916-06-01,920.2,
1970-01-01 00:00:00.000000186,1916-07-01,513.9,
1970-01-01 00:00:00.000000187,1916-08-01,396.9,
1970-01-01 00:00:00.000000188,1916-09-01,339.3,
1970-01-01 00:00:00.000000189,1916-10-01,320.7,
1970-01-01 00:00:00.000000190,1916-11-01,134.3,
1970-01-01 00:00:00.000000191,1916-12-01,8.9,
1970-01-01 00:00:00.000000192,1917-01-01,2.9,
1970-01-01 00:00:00.000000193,1917-02-01,47.6,
1970-01-01 00:00:00.000000194,1917-03-01,79.4,
1970-01-01 00:00:00.000000195,1917-04-01,38.1,
1970-01-01 00:00:00.000000196,1917-05-01,122.9,
1970-01-01 00:00:00.000000197,1917-06-01,703.7,
1970-01-01 00:00:00.000000198,1917-07-01,342.7,
1970-01-01 00:00:00.000000199,1917-08-01,335.1,
1970-01-01 00:00:00.000000200,1917-09-01,470.3,
1970-01-01 00:00:00.000000201,1917-10-01,264.1,
1970-01-01 00:00:00.000000202,1917-11-01,256.4,
1970-01-01 00:00:00.000000203,1917-12-01,41.6,
1970-01-01 00:00:00.000000204,1918-01-01,42.9,
1970-01-01 00:00:00.000000205,1918-02-01,5.0,
1970-01-01 00:00:00.000000206,1918-03-01,32.8,
1970-01-01 00:00:00.000000207,1918-04-01,51.3,
1970-01-01 00:00:00.000000208,1918-05-01,683.0,
1970-01-01 00:00:00.000000209,1918-06-01,464.3,
1970-01-01 00:00:00.000000210,1918-07-01,167.5,
1970-01-01 00:00:00.000000211,1918-08-01,376.0,
1970-01-01 00:00:00.000000212,1918-09-01,96.4,
1970-01-01 00:00:00.000000213,1918-10-01,233.2,
1970-01-01 00:00:00.000000214,1918-11-01,295.4,
1970-01-01 00:00:00.000000215,1918-12-01,54.1,
1970-01-01 00:00:00.000000216,1919-01-01,43.0,
1970-01-01 00:00:00.000000217,1919-02-01,6.1,
1970-01-01 00:00:00.000000218,1919-03-01,33.9,
1970-01-01 00:00:00.000000219,1919-04-01,65.9,
1970-01-01 00:00:00.000000220,1919-05-01,247.0,
1970-01-01 00:00:00.000000221,1919-06-01,636.8,
1970-01-01 00:00:00.000000222,1919-07-01,648.0,
1970-01-01 00:00:00.000000223,1919-08-01,484.2,
1970-01-01 00:00:00.000000224,1919-09-01,255.9,
1970-01-01 00:00:00.000000225,1919-10-01,249.2,
1970-01-01 00:00:00.000000226,1919-11-01,280.1,
1970-01-01 00:00:00.000000227,1919-12-01,53.0,
1970-01-01 00:00:00.000000228,1920-01-01,35.2,
1970-01-01 00:00:00.000000229,1920-02-01,5.5,
1970-01-01 00:00:00.000000230,1920-03-01,24.1,
1970-01-01 00:00:00.000000231,1920-04-01,172.0,
1970-01-01 00:00:00.000000232,1920-05-01,87.7,
1970-01-01 00:00:00.000000233,1920-06-01,964.3,
1970-01-01 00:00:00.000000234,1920-07-01,940.8,
1970-01-01 00:00:00.000000235,1920-08-01,235.0,
1970-01-01 00:00:00.000000236,1920-09-01,178.0,
1970-01-01 00:00:00.000000237,1920-10-01,350.1,
1970-01-01 00:00:00.000000238,1920-11-01,302.3,
1970-01-01 00:00:00.000000239,1920-12-01,8.2,
1970-01-01 00:00:00.000000240,1921-01-01,43.0,
1970-01-01 00:00:00.000000241,1921-02-01,4.7,
1970-01-01 00:00:00.000000242,1921-03-01,15.0,
1970-01-01 00:00:00.000000243,1921-04-01,171.3,
1970-01-01 00:00:00.000000244,1921-05-01,104.1,
1970-01-01 00:00:00.000000245,1921-06-01,489.1,
1970-01-01 00:00:00.000000246,1921-07-01,639.8,
1970-01-01 00:00:00.000000247,1921-08-01,641.9,
1970-01-01 00:00:00.000000248,1921-09-01,156.7,
1970-01-01 00:00:00.000000249,1921-10-01,302.4,
1970-01-01 00:00:00.000000250,1921-11-01,136.2,
1970-01-01 00:00:00.000000251,1921-12-01,15.8,
1970-01-01 00:00:00.000000252,1922-01-01,30.5,
1970-01-01 00:00:00.000000253,1922-02-01,21.4,
1970-01-01 00:00:00.000000254,1922-03-01,16.3,
1970-01-01 00:00:00.000000255,1922-04-01,89.6,
1970-01-01 00:00:00.000000256,1922-05-01,293.6,
1970-01-01 00:00:00.000000257,1922-06-01,663.1,
1970-01-01 00:00:00.000000258,1922-07-01,1025.1,
1970-01-01 00:00:00.000000259,1922-08-01,320.6,
1970-01-01 00:00:00.000000260,1922-09-01,222.4,
1970-01-01 00:00:00.000000261,1922-10-01,266.3,
1970-01-01 00:00:00.000000262,1922-11-01,293.7,
1970-01-01 00:00:00.000000263,1922-12-01,25.1,
1970-01-01 00:00:00.000000264,1923-01-01,24.7,
1970-01-01 00:00:00.000000265,1923-02-01,0.7,
1970-01-01 00:00:00.000000266,1923-03-01,78.9,
1970-01-01 00:00:00.000000267,1923-04-01,43.5,
1970-01-01 00:00:00.000000268,1923-05-01,80.0,
1970-01-01 00:00:00.000000269,1923-06-01,722.5,
1970-01-01 00:00:00.000000270,1923-07-01,1008.7,
1970-01-01 00:00:00.000000271,1923-08-01,943.0,
1970-01-01 00:00:00.000000272,1923-09-01,254.3,
1970-01-01 00:00:00.000000273,1923-10-01,203.1,
1970-01-01 00:00:00.000000274,1923-11-01,83.9,
1970-01-01 00:00:00.000000275,1923-12-01,41.6,
1970-01-01 00:00:00.000000276,1924-01-01,19.3,
1970-01-01 00:00:00.000000277,1924-02-01,2.9,
1970-01-01 00:00:00.000000278,1924-03-01,66.6,
1970-01-01 00:00:00.000000279,1924-04-01,111.0,
1970-01-01 00:00:00.000000280,1924-05-01,185.4,
1970-01-01 00:00:00.000000281,1924-06-01,1011.7,
1970-01-01 00:00:00.000000282,1924-07-01,1526.5,
1970-01-01 00:00:00.000000283,1924-08-01,624.0,
1970-01-01 00:00:00.000000284,1924-09-01,289.1,
1970-01-01 00:00:00.000000285,1924-10-01,176.5,
1970-01-01 00:00:00.000000286,1924-11-01,162.9,
1970-01-01 00:00:00.000000287,1924-12-01,50.4,
1970-01-01 00:00:00.000000288,1925-01-01,4.1,
1970-01-01 00:00:00.000000289,1925-02-01,16.5,
1970-01-01 00:00:00.000000290,1925-03-01,76.9,
1970-01-01 00:00:00.000000291,1925-04-01,93.4,
1970-01-01 00:00:00.000000292,1925-05-01,258.2,
1970-01-01 00:00:00.000000293,1925-06-01,688.8,
1970-01-01 00:00:00.000000294,1925-07-01,593.5,
1970-01-01 00:00:00.000000295,1925-08-01,554.1,
1970-01-01 00:00:00.000000296,1925-09-01,158.8,
1970-01-01 00:00:00.000000297,1925-10-01,295.4,
1970-01-01 00:00:00.000000298,1925-11-01,223.7,
1970-01-01 00:00:00.000000299,1925-12-01,98.8,
1970-01-01 00:00:00.000000300,1926-01-01,28.6,
1970-01-01 00:00:00.000000301,1926-02-01,5.8,
1970-01-01 00:00:00.000000302,1926-03-01,23.1,
1970-01-01 00:00:00.000000303,1926-04-01,55.8,
1970-01-01 00:00:00.000000304,1926-05-01,222.6,
1970-01-01 00:00:00.000000305,1926-06-01,563.9,
1970-01-01 00:00:00.000000306,1926-07-01,885.2,
1970-01-01 00:00:00.000000307,1926-08-01,536.0,
1970-01-01 00:00:00.000000308,1926-09-01,322.7,
1970-01-01 00:00:00.000000309,1926-10-01,216.7,
1970-01-01 00:00:00.000000310,1926-11-01,88.8,
1970-01-01 00:00:00.000000311,1926-12-01,16.2,
1970-01-01 00:00:00.000000312,1927-01-01,18.8,
1970-01-01 00:00:00.000000313,1927-02-01,35.3,
1970-01-01 00:00:00.000000314,1927-03-01,49.6,
1970-01-01 00:00:00.000000315,1927-04-01,86.5,
1970-01-01 00:00:00.000000316,1927-05-01,265.4,
1970-01-01 00:00:00.000000317,1927-06-01,720.2,
1970-01-01 00:00:00.000000318,1927-07-01,888.2,
1970-01-01 00:00:00.000000319,1927-08-01,315.0,
1970-01-01 00:00:00.000000320,1927-09-01,335.6,
1970-01-01 00:00:00.000000321,1927-10-01,135.8,
1970-01-01 00:00:00.000000322,1927-11-01,137.6,
1970-01-01 00:00:00.000000323,1927-12-01,6.8,
1970-01-01 00:00:00.000000324,1928-01-01,12.7,
1970-01-01 00:00:00.000000325,1928-02-01,65.9,
1970-01-01 00:00:00.000000326,1928-03-01,51.3,
1970-01-01 00:00:00.000000327,1928-04-01,121.1,
1970-01-01 00:00:00.000000328,1928-05-01,81.9,
1970-01-01 00:00:00.000000329,1928-06-01,590.7,
1970-01-01 00:00:00.000000330,1928-07-01,420.6,
1970-01-01 00:00:00.000000331,1928-08-01,553.2,
1970-01-01 00:00:00.000000332,1928-09-01,75.9,
1970-01-01 00:00:00.000000333,1928-10-01,321.5,
1970-01-01 00:00:00.000000334,1928-11-01,155.2,
1970-01-01 00:00:00.000000335,1928-12-01,52.7,
1970-01-01 00:00:00.000000336,1929-01-01,12.8,
1970-01-01 00:00:00.000000337,1929-02-01,29.8,
1970-01-01 00:00:00.000000338,1929-03-01,58.9,
1970-01-01 00:00:00.000000339,1929-04-01,210.7,
1970-01-01 00:00:00.000000340,1929-05-01,148.0,
1970-01-01 00:00:00.000000341,1929-06-01,946.6,
1970-01-01 00:00:00.000000342,1929-07-01,844.0,
1970-01-01 00:00:00.000000343,1929-08-01,293.9,
1970-01-01 00:00:00.000000344,1929-09-01,268.9,
1970-01-01 00:00:00.000000345,1929-10-01,350.4,
1970-01-01 00:00:00.000000346,1929-11-01,158.2,
1970-01-01 00:00:00.000000347,1929-12-01,39.4,
1970-01-01 00:00:00.000000348,1930-01-01,10.8,
1970-01-01 00:00:00.000000349,1930-02-01,10.8,
1970-01-01 00:00:00.000000350,1930-03-01,39.0,
1970-01-01 00:00:00.000000351,1930-04-01,102.7,
1970-01-01 00:00:00.000000352,1930-05-01,404.9,
1970-01-01 00:00:00.000000353,1930-06-01,633.1,
1970-01-01 00:00:00.000000354,1930-07-01,401.7,
1970-01-01 00:00:00.000000355,1930-08-01,273.4,
1970-01-01 00:00:00.000000356,1930-09-01,411.5,
1970-01-01 00:00:00.000000357,1930-10-01,433.9,
1970-01-01 00:00:00.000000358,1930-11-01,207.0,
1970-01-01 00:00:00.000000359,1930-12-01,89.2,
1970-01-01 00:00:00.000000360,1931-01-01,3.3,
1970-01-01 00:00:00.000000361,1931-02-01,0.3,
1970-01-01 00:00:00.000000362,1931-03-01,19.2,
1970-01-01 00:00:00.000000363,1931-04-01,126.9,
1970-01-01 00:00:00.000000364,1931-05-01,131.7,
1970-01-01 00:00:00.000000365,1931-06-01,541.7,
1970-01-01 00:00:00.000000366,1931-07-01,653.9,
1970-01-01 00:00:00.000000367,1931-08-01,1199.2,
1970-01-01 00:00:00.000000368,1931-09-01,163.2,
1970-01-01 00:00:00.000000369,1931-10-01,149.3,
1970-01-01 00:00:00.000000370,1931-11-01,164.3,
1970-01-01 00:00:00.000000371,1931-12-01,106.5,
1970-01-01 00:00:00.000000372,1932-01-01,0.1,
1970-01-01 00:00:00.000000373,1932-02-01,19.3,
1970-01-01 00:00:00.000000374,1932-03-01,28.6,
1970-01-01 00:00:00.000000375,1932-04-01,113.0,
1970-01-01 00:00:00.000000376,1932-05-01,646.5,
1970-01-01 00:00:00.000000377,1932-06-01,341.0,
1970-01-01 00:00:00.000000378,1932-07-01,716.4,
1970-01-01 00:00:00.000000379,1932-08-01,423.2,
1970-01-01 00:00:00.000000380,1932-09-01,317.3,
1970-01-01 00:00:00.000000381,1932-10-01,543.2,
1970-01-01 00:00:00.000000382,1932-11-01,223.2,
1970-01-01 00:00:00.000000383,1932-12-01,31.3,
1970-01-01 00:00:00.000000384,1933-01-01,1.0,
1970-01-01 00:00:00.000000385,1933-02-01,9.3,
1970-01-01 00:00:00.000000386,1933-03-01,36.9,
1970-01-01 00:00:00.000000387,1933-04-01,139.5,
1970-01-01 00:00:00.000000388,1933-05-01,738.8,
1970-01-01 00:00:00.000000389,1933-06-01,859.3,
1970-01-01 00:00:00.000000390,1933-07-01,773.4,
1970-01-01 00:00:00.000000391,1933-08-01,479.5,
1970-01-01 00:00:00.000000392,1933-09-01,469.7,
1970-01-01 00:00:00.000000393,1933-10-01,397.0,
1970-01-01 00:00:00.000000394,1933-11-01,126.1,
1970-01-01 00:00:00.000000395,1933-12-01,42.3,
1970-01-01 00:00:00.000000396,1934-01-01,74.5,
1970-01-01 00:00:00.000000397,1934-02-01,1.7,
1970-01-01 00:00:00.000000398,1934-03-01,47.7,
1970-01-01 00:00:00.000000399,1934-04-01,92.4,
1970-01-01 00:00:00.000000400,1934-05-01,106.7,
1970-01-01 00:00:00.000000401,1934-06-01,852.9,
1970-01-01 00:00:00.000000402,1934-07-01,415.0,
1970-01-01 00:00:00.000000403,1934-08-01,337.2,
1970-01-01 00:00:00.000000404,1934-09-01,48.4,
1970-01-01 00:00:00.000000405,1934-10-01,335.9,
1970-01-01 00:00:00.000000406,1934-11-01,93.4,
1970-01-01 00:00:00.000000407,1934-12-01,4.9,
1970-01-01 00:00:00.000000408,1935-01-01,23.9,
1970-01-01 00:00:00.000000409,1935-02-01,8.3,
1970-01-01 00:00:00.000000410,1935-03-01,18.1,
1970-01-01 00:00:00.000000411,1935-04-01,120.7,
1970-01-01 00:00:00.000000412,1935-05-01,56.6,
1970-01-01 00:00:00.000000413,1935-06-01,431.3,
1970-01-01 00:00:00.000000414,1935-07-01,687.3,
1970-01-01 00:00:00.000000415,1935-08-01,280.9,
1970-01-01 00:00:00.000000416,1935-09-01,283.3,
1970-01-01 00:00:00.000000417,1935-10-01,403.8,
1970-01-01 00:00:00.000000418,1935-11-01,153.0,
1970-01-01 00:00:00.000000419,1935-12-01,30.9,
1970-01-01 00:00:00.000000420,1936-01-01,1.2,
1970-01-01 00:00:00.000000421,1936-02-01,16.5,
1970-01-01 00:00:00.000000422,1936-03-01,116.0,
1970-01-01 00:00:00.000000423,1936-04-01,34.0,
1970-01-01 00:00:00.000000424,1936-05-01,466.5,
1970-01-01 00:00:00.000000425,1936-06-01,620.8,
1970-01-01 00:00:00.000000426,1936-07-01,672.1,
1970-01-01 00:00:00.000000427,1936-08-01,367.9,
1970-01-01 00:00:00.000000428,1936-09-01,286.7,
1970-01-01 00:00:00.000000429,1936-10-01,231.7,
1970-01-01 00:00:00.000000430,1936-11-01,211.1,
1970-01-01 00:00:00.000000431,1936-12-01,18.6,
1970-01-01 00:00:00.000000432,1937-01-01,6.5,
1970-01-01 00:00:00.000000433,1937-02-01,21.2,
1970-01-01 00:00:00.000000434,1937-03-01,58.7,
1970-01-01 00:00:00.000000435,1937-04-01,175.5,
1970-01-01 00:00:00.000000436,1937-05-01,137.1,
1970-01-01 00:00:00.000000437,1937-06-01,485.6,
1970-01-01 00:00:00.000000438,1937-07-01,970.5,
1970-01-01 00:00:00.000000439,1937-08-01,281.2,
1970-01-01 00:00:00.000000440,1937-09-01,139.8,
1970-01-01 00:00:00.000000441,1937-10-01,401.9,
1970-01-01 00:00:00.000000442,1937-11-01,121.0,
1970-01-01 00:00:00.000000443,1937-12-01,19.1,
1970-01-01 00:00:00.000000444,1938-01-01,0.3,
1970-01-01 00:00:00.000000445,1938-02-01,79.0,
1970-01-01 00:00:00.000000446,1938-03-01,53.3,
1970-01-01 00:00:00.000000447,1938-04-01,164.5,
1970-01-01 00:00:00.000000448,1938-05-01,179.6,
1970-01-01 00:00:00.000000449,1938-06-01,681.6,
1970-01-01 00:00:00.000000450,1938-07-01,648.6,
1970-01-01 00:00:00.000000451,1938-08-01,287.9,
1970-01-01 00:00:00.000000452,1938-09-01,223.2,
1970-01-01 00:00:00.000000453,1938-10-01,223.7,
1970-01-01 00:00:00.000000454,1938-11-01,69.5,
1970-01-01 00:00:00.000000455,1938-12-01,22.9,
1970-01-01 00:00:00.000000456,1939-01-01,13.6,
1970-01-01 00:00:00.000000457,1939-02-01,3.6,
1970-01-01 00:00:00.000000458,1939-03-01,24.9,
1970-01-01 00:00:00.000000459,1939-04-01,172.8,
1970-01-01 00:00:00.000000460,1939-05-01,105.1,
1970-01-01 00:00:00.000000461,1939-06-01,625.8,
1970-01-01 00:00:00.000000462,1939-07-01,749.6,
1970-01-01 00:00:00.000000463,1939-08-01,459.9,
1970-01-01 00:00:00.000000464,1939-09-01,134.1,
1970-01-01 00:00:00.000000465,1939-10-01,339.8,
1970-01-01 00:00:00.000000466,1939-11-01,298.1,
1970-01-01 00:00:00.000000467,1939-12-01,10.2,
1970-01-01 00:00:00.000000468,1940-01-01,0.6,
1970-01-01 00:00:00.000000469,1940-02-01,1.5,
1970-01-01 00:00:00.000000470,1940-03-01,3.8,
1970-01-01 00:00:00.000000471,1940-04-01,126.5,
1970-01-01 00:00:00.000000472,1940-05-01,217.4,
1970-01-01 00:00:00.000000473,1940-06-01,606.4,
1970-01-01 00:00:00.000000474,1940-07-01,877.3,
1970-01-01 00:00:00.000000475,1940-08-01,610.8,
1970-01-01 00:00:00.000000476,1940-09-01,68.2,
1970-01-01 00:00:00.000000477,1940-10-01,257.7,
1970-01-01 00:00:00.000000478,1940-11-01,287.5,
1970-01-01 00:00:00.000000479,1940-12-01,60.1,
1970-01-01 00:00:00.000000480,1941-01-01,15.9,
1970-01-01 00:00:00.000000481,1941-02-01,4.6,
1970-01-01 00:00:00.000000482,1941-03-01,12.7,
1970-01-01 00:00:00.000000483,1941-04-01,101.9,
1970-01-01 00:00:00.000000484,1941-05-01,417.5,
1970-01-01 00:00:00.000000485,1941-06-01,797.6,
1970-01-01 00:00:00.000000486,1941-07-01,517.9,
1970-01-01 00:00:00.000000487,1941-08-01,458.5,
1970-01-01 00:00:00.000000488,1941-09-01,257.9,
1970-01-01 00:00:00.000000489,1941-10-01,221.6,
1970-01-01 00:00:00.000000490,1941-11-01,220.5,
1970-01-01 00:00:00.000000491,1941-12-01,84.6,
1970-01-01 00:00:00.000000492,1942-01-01,2.4,
1970-01-01 00:00:00.000000493,1942-02-01,4.7,
1970-01-01 00:00:00.000000494,1942-03-01,23.2,
1970-01-01 00:00:00.000000495,1942-04-01,180.3,
1970-01-01 00:00:00.000000496,1942-05-01,191.9,
1970-01-01 00:00:00.000000497,1942-06-01,813.6,
1970-01-01 00:00:00.000000498,1942-07-01,828.8,
1970-01-01 00:00:00.000000499,1942-08-01,329.3,
1970-01-01 00:00:00.000000500,1942-09-01,99.8,
1970-01-01 00:00:00.000000501,1942-10-01,374.4,
1970-01-01 00:00:00.000000502,1942-11-01,84.7,
1970-01-01 00:00:00.000000503,1942-12-01,117.9,
1970-01-01 00:00:00.000000504,1943-01-01,83.5,
1970-01-01 00:00:00.000000505,1943-02-01,14.6,
1970-01-01 00:00:00.000000506,1943-03-01,38.4,
1970-01-01 00:00:00.000000507,1943-04-01,107.5,
1970-01-01 00:00:00.000000508,1943-05-01,478.4,
1970-01-01 00:00:00.000000509,1943-06-01,794.5,
1970-01-01 00:00:00.000000510,1943-07-01,831.6,
1970-01-01 00:00:00.000000511,1943-08-01,183.3,
1970-01-01 00:00:00.000000512,1943-09-01,257.6,
1970-01-01 00:00:00.000000513,1943-10-01,427.2,
1970-01-01 00:00:00.000000514,1943-11-01,223.4,
1970-01-01 00:00:00.000000515,1943-12-01,24.3,
1970-01-01 00:00:00.000000516,1944-01-01,6.4,
1970-01-01 00:00:00.000000517,1944-02-01,26.6,
1970-01-01 00:00:00.000000518,1944-03-01,61.6,
1970-01-01 00:00:00.000000519,1944-04-01,61.6,
1970-01-01 00:00:00.000000520,1944-05-01,212.7,
1970-01-01 00:00:00.000000521,1944-06-01,498.9,
1970-01-01 00:00:00.000000522,1944-07-01,614.1,
1970-01-01 00:00:00.000000523,1944-08-01,230.7,
1970-01-01 00:00:00.000000524,1944-09-01,155.0,
1970-01-01 00:00:00.000000525,1944-10-01,289.0,
1970-01-01 00:00:00.000000526,1944-11-01,244.1,
1970-01-01 00:00:00.000000527,1944-12-01,89.2,
1970-01-01 00:00:00.000000528,1945-01-01,4.4,
1970-01-01 00:00:00.000000529,1945-02-01,9.9,
1970-01-01 00:00:00.000000530,1945-03-01,12.7,
1970-01-01 00:00:00.000000531,1945-04-01,104.1,
1970-01-01 00:00:00.000000532,1945-05-01,53.4,
1970-01-01 00:00:00.000000533,1945-06-01,549.8,
1970-01-01 00:00:00.000000534,1945-07-01,704.0,
1970-01-01 00:00:00.000000535,1945-08-01,351.8,
1970-01-01 00:00:00.000000536,1945-09-01,110.9,
1970-01-01 00:00:00.000000537,1945-10-01,253.8,
1970-01-01 00:00:00.000000538,1945-11-01,259.5,
1970-01-01 00:00:00.000000539,1945-12-01,18.0,
1970-01-01 00:00:00.000000540,1946-01-01,1.8,
1970-01-01 00:00:00.000000541,1946-02-01,5.4,
1970-01-01 00:00:00.000000542,1946-03-01,108.4,
1970-01-01 00:00:00.000000543,1946-04-01,139.8,
1970-01-01 00:00:00.000000544,1946-05-01,83.0,
1970-01-01 00:00:00.000000545,1946-06-01,919.0,
1970-01-01 00:00:00.000000546,1946-07-01,671.7,
1970-01-01 00:00:00.000000547,1946-08-01,695.6,
1970-01-01 00:00:00.000000548,1946-09-01,199.4,
1970-01-01 00:00:00.000000549,1946-10-01,266.1,
1970-01-01 00:00:00.000000550,1946-11-01,273.0,
1970-01-01 00:00:00.000000551,1946-12-01,202.3,
1970-01-01 00:00:00.000000552,1947-01-01,22.2,
1970-01-01 00:00:00.000000553,1947-02-01,27.3,
1970-01-01 00:00:00.000000554,1947-03-01,98.0,
1970-01-01 00:00:00.000000555,1947-04-01,142.2,
1970-01-01 00:00:00.000000556,1947-05-01,85.7,
1970-01-01 00:00:00.000000557,1947-06-01,556.1,
1970-01-01 00:00:00.000000558,1947-07-01,669.3,
1970-01-01 00:00:00.000000559,1947-08-01,739.6,
1970-01-01 00:00:00.000000560,1947-09-01,394.5,
1970-01-01 00:00:00.000000561,1947-10-01,183.7,
1970-01-01 00:00:00.000000562,1947-11-01,32.4,
1970-01-01 00:00:00.000000563,1947-12-01,47.0,
1970-01-01 00:00:00.000000564,1948-01-01,43.0,
1970-01-01 00:00:00.000000565,1948-02-01,8.3,
1970-01-01 00:00:00.000000566,1948-03-01,48.2,
1970-01-01 00:00:00.000000567,1948-04-01,125.0,
1970-01-01 00:00:00.000000568,1948-05-01,212.3,
1970-01-01 00:00:00.000000569,1948-06-01,910.2,
1970-01-01 00:00:00.000000570,1948-07-01,619.0,
1970-01-01 00:00:00.000000571,1948-08-01,487.9,
1970-01-01 00:00:00.000000572,1948-09-01,166.6,
1970-01-01 00:00:00.000000573,1948-10-01,183.9,
1970-01-01 00:00:00.000000574,1948-11-01,215.6,
1970-01-01 00:00:00.000000575,1948-12-01,19.2,
1970-01-01 00:00:00.000000576,1949-01-01,0.6,
1970-01-01 00:00:00.000000577,1949-02-01,1.8,
1970-01-01 00:00:00.000000578,1949-03-01,4.5,
1970-01-01 00:00:00.000000579,1949-04-01,98.1,
1970-01-01 00:00:00.000000580,1949-05-01,440.0,
1970-01-01 00:00:00.000000581,1949-06-01,536.3,
1970-01-01 00:00:00.000000582,1949-07-01,758.7,
1970-01-01 00:00:00.000000583,1949-08-01,445.2,
1970-01-01 00:00:00.000000584,1949-09-01,354.5,
1970-01-01 00:00:00.000000585,1949-10-01,229.1,
1970-01-01 00:00:00.000000586,1949-11-01,71.9,
1970-01-01 00:00:00.000000587,1949-12-01,1.8,
1970-01-01 00:00:00.000000588,1950-01-01,0.1,
1970-01-01 00:00:00.000000589,1950-02-01,53.7,
1970-01-01 00:00:00.000000590,1950-03-01,31.1,
1970-01-01 00:00:00.000000591,1950-04-01,68.5,
1970-01-01 00:00:00.000000592,1950-05-01,242.0,
1970-01-01 00:00:00.000000593,1950-06-01,638.3,
1970-01-01 00:00:00.000000594,1950-07-01,905.7,
1970-01-01 00:00:00.000000595,1950-08-01,387.3,
1970-01-01 00:00:00.000000596,1950-09-01,411.6,
1970-01-01 00:00:00.000000597,1950-10-01,250.4,
1970-01-01 00:00:00.000000598,1950-11-01,149.2,
1970-01-01 00:00:00.000000599,1950-12-01,8.8,
1970-01-01 00:00:00.000000600,1951-01-01,6.6,
1970-01-01 00:00:00.000000601,1951-02-01,6.5,
1970-01-01 00:00:00.000000602,1951-03-01,41.6,
1970-01-01 00:00:00.000000603,1951-04-01,175.9,
1970-01-01 00:00:00.000000604,1951-05-01,148.5,
1970-01-01 00:00:00.000000605,1951-06-01,774.1,
1970-01-01 00:00:00.000000606,1951-07-01,544.6,
1970-01-01 00:00:00.000000607,1951-08-01,190.6,
1970-01-01 00:00:00.000000608,1951-09-01,313.8,
1970-01-01 00:00:00.000000609,1951-10-01,250.6,
1970-01-01 00:00:00.000000610,1951-11-01,229.6,
1970-01-01 00:00:00.000000611,1951-12-01,23.2,
1970-01-01 00:00:00.000000612,1952-01-01,5.2,
1970-01-01 00:00:00.000000613,1952-02-01,48.2,
1970-01-01 00:00:00.000000614,1952-03-01,20.8,
1970-01-01 00:00:00.000000615,1952-04-01,112.2,
1970-01-01 00:00:00.000000616,1952-05-01,214.6,
1970-01-01 00:00:00.000000617,1952-06-01,576.7,
1970-01-01 00:00:00.000000618,1952-07-01,430.0,
1970-01-01 00:00:00.000000619,1952-08-01,413.6,
1970-01-01 00:00:00.000000620,1952-09-01,57.4,
1970-01-01 00:00:00.000000621,1952-10-01,339.6,
1970-01-01 00:00:00.000000622,1952-11-01,49.6,
1970-01-01 00:00:00.000000623,1952-12-01,66.9,
1970-01-01 00:00:00.000000624,1953-01-01,13.1,
1970-01-01 00:00:00.000000625,1953-02-01,22.6,
1970-01-01 00:00:00.000000626,1953-03-01,18.5,
1970-01-01 00:00:00.000000627,1953-04-01,132.4,
1970-01-01 00:00:00.000000628,1953-05-01,55.4,
1970-01-01 00:00:00.000000629,1953-06-01,340.5,
1970-01-01 00:00:00.000000630,1953-07-01,1027.6,
1970-01-01 00:00:00.000000631,1953-08-01,356.4,
1970-01-01 00:00:00.000000632,1953-09-01,100.5,
1970-01-01 00:00:00.000000633,1953-10-01,410.5,
1970-01-01 00:00:00.000000634,1953-11-01,62.2,
1970-01-01 00:00:00.000000635,1953-12-01,5.1,
1970-01-01 00:00:00.000000636,1954-01-01,23.5,
1970-01-01 00:00:00.000000637,1954-02-01,2.8,
1970-01-01 00:00:00.000000638,1954-03-01,90.6,
1970-01-01 00:00:00.000000639,1954-04-01,136.9,
1970-01-01 00:00:00.000000640,1954-05-01,179.5,
1970-01-01 00:00:00.000000641,1954-06-01,798.3,
1970-01-01 00:00:00.000000642,1954-07-01,640.5,
1970-01-01 00:00:00.000000643,1954-08-01,467.0,
1970-01-01 00:00:00.000000644,1954-09-01,201.6,
1970-01-01 00:00:00.000000645,1954-10-01,303.1,
1970-01-01 00:00:00.000000646,1954-11-01,31.6,
1970-01-01 00:00:00.000000647,1954-12-01,62.5,
1970-01-01 00:00:00.000000648,1955-01-01,4.2,
1970-01-01 00:00:00.000000649,1955-02-01,6.3,
1970-01-01 00:00:00.000000650,1955-03-01,28.2,
1970-01-01 00:00:00.000000651,1955-04-01,125.9,
1970-01-01 00:00:00.000000652,1955-05-01,544.2,
1970-01-01 00:00:00.000000653,1955-06-01,782.4,
1970-01-01 00:00:00.000000654,1955-07-01,392.8,
1970-01-01 00:00:00.000000655,1955-08-01,236.0,
1970-01-01 00:00:00.000000656,1955-09-01,438.5,
1970-01-01 00:00:00.000000657,1955-10-01,378.2,
1970-01-01 00:00:00.000000658,1955-11-01,178.1,
1970-01-01 00:00:00.000000659,1955-12-01,19.8,
1970-01-01 00:00:00.000000660,1956-01-01,7.9,
1970-01-01 00:00:00.000000661,1956-02-01,11.7,
1970-01-01 00:00:00.000000662,1956-03-01,15.1,
1970-01-01 00:00:00.000000663,1956-04-01,151.6,
1970-01-01 00:00:00.000000664,1956-05-01,351.3,
1970-01-01 00:00:00.000000665,1956-06-01,755.4,
1970-01-01 00:00:00.000000666,1956-07-01,466.8,
1970-01-01 00:00:00.000000667,1956-08-01,319.5,
1970-01-01 00:00:00.000000668,1956-09-01,178.4,
1970-01-01 00:00:00.000000669,1956-10-01,353.3,
1970-01-01 00:00:00.000000670,1956-11-01,178.2,
1970-01-01 00:00:00.000000671,1956-12-01,9.1,
1970-01-01 00:00:00.000000672,1957-01-01,1.2,
1970-01-01 00:00:00.000000673,1957-02-01,16.0,
1970-01-01 00:00:00.000000674,1957-03-01,25.7,
1970-01-01 00:00:00.000000675,1957-04-01,70.2,
1970-01-01 00:00:00.000000676,1957-05-01,381.2,
1970-01-01 00:00:00.000000677,1957-06-01,872.0,
1970-01-01 00:00:00.000000678,1957-07-01,835.3,
1970-01-01 00:00:00.000000679,1957-08-01,358.8,
1970-01-01 00:00:00.000000680,1957-09-01,41.3,
1970-01-01 00:00:00.000000681,1957-10-01,280.1,
1970-01-01 00:00:00.000000682,1957-11-01,192.5,
1970-01-01 00:00:00.000000683,1957-12-01,28.9,
1970-01-01 00:00:00.000000684,1958-01-01,4.4,
1970-01-01 00:00:00.000000685,1958-02-01,19.3,
1970-01-01 00:00:00.000000686,1958-03-01,57.3,
1970-01-01 00:00:00.000000687,1958-04-01,135.1,
1970-01-01 00:00:00.000000688,1958-05-01,353.5,
1970-01-01 00:00:00.000000689,1958-06-01,713.3,
1970-01-01 00:00:00.000000690,1958-07-01,622.7,
1970-01-01 00:00:00.000000691,1958-08-01,526.6,
1970-01-01 00:00:00.000000692,1958-09-01,86.1,
1970-01-01 00:00:00.000000693,1958-10-01,191.0,
1970-01-01 00:00:00.000000694,1958-11-01,206.1,
1970-01-01 00:00:00.000000695,1958-12-01,7.7,
1970-01-01 00:00:00.000000696,1959-01-01,3.0,
1970-01-01 00:00:00.000000697,1959-02-01,21.4,
1970-01-01 00:00:00.000000698,1959-03-01,6.3,
1970-01-01 00:00:00.000000699,1959-04-01,150.7,
1970-01-01 00:00:00.000000700,1959-05-01,347.2,
1970-01-01 00:00:00.000000701,1959-06-01,872.8,
1970-01-01 00:00:00.000000702,1959-07-01,1155.7,
1970-01-01 00:00:00.000000703,1959-08-01,397.3,
1970-01-01 00:00:00.000000704,1959-09-01,405.5,
1970-01-01 00:00:00.000000705,1959-10-01,200.4,
1970-01-01 00:00:00.000000706,1959-11-01,151.9,
1970-01-01 00:00:00.000000707,1959-12-01,34.0,
1970-01-01 00:00:00.000000708,1960-01-01,9.4,
1970-01-01 00:00:00.000000709,1960-02-01,8.4,
1970-01-01 00:00:00.000000710,1960-03-01,44.4,
1970-01-01 00:00:00.000000711,1960-04-01,206.6,
1970-01-01 00:00:00.000000712,1960-05-01,540.0,
1970-01-01 00:00:00.000000713,1960-06-01,480.3,
1970-01-01 00:00:00.000000714,1960-07-01,750.9,
1970-01-01 00:00:00.000000715,1960-08-01,336.8,
1970-01-01 00:00:00.000000716,1960-09-01,371.2,
1970-01-01 00:00:00.000000717,1960-10-01,255.9,
1970-01-01 00:00:00.000000718,1960-11-01,358.0,
1970-01-01 00:00:00.000000719,1960-12-01,23.7,
1970-01-01 00:00:00.000000720,1961-01-01,13.7,
1970-01-01 00:00:00.000000721,1961-02-01,31.3,
1970-01-01 00:00:00.000000722,1961-03-01,11.4,
1970-01-01 00:00:00.000000723,1961-04-01,94.1,
1970-01-01 00:00:00.000000724,1961-05-01,500.5,
1970-01-01 00:00:00.000000725,1961-06-01,1005.2,
1970-01-01 00:00:00.000000726,1961-07-01,1146.5,
1970-01-01 00:00:00.000000727,1961-08-01,678.3,
1970-01-01 00:00:00.000000728,1961-09-01,399.3,
1970-01-01 00:00:00.000000729,1961-10-01,274.2,
1970-01-01 00:00:00.000000730,1961-11-01,85.9,
1970-01-01 00:00:00.000000731,1961-12-01,17.5,
1970-01-01 00:00:00.000000732,1962-01-01,28.4,
1970-01-01 00:00:00.000000733,1962-02-01,54.7,
1970-01-01 00:00:00.000000734,1962-03-01,39.6,
1970-01-01 00:00:00.000000735,1962-04-01,95.1,
1970-01-01 00:00:00.000000736,1962-05-01,472.4,
1970-01-01 00:00:00.000000737,1962-06-01,244.9,
1970-01-01 00:00:00.000000738,1962-07-01,951.1,
1970-01-01 00:00:00.000000739,1962-08-01,510.7,
1970-01-01 00:00:00.000000740,1962-09-01,394.9,
1970-01-01 00:00:00.000000741,1962-10-01,475.6,
1970-01-01 00:00:00.000000742,1962-11-01,31.5,
1970-01-01 00:00:00.000000743,1962-12-01,76.9,
1970-01-01 00:00:00.000000744,1963-01-01,30.2,
1970-01-01 00:00:00.000000745,1963-02-01,24.8,
1970-01-01 00:00:00.000000746,1963-03-01,69.8,
1970-01-01 00:00:00.000000747,1963-04-01,96.3,
1970-01-01 00:00:00.000000748,1963-05-01,157.1,
1970-01-01 00:00:00.000000749,1963-06-01,393.3,
1970-01-01 00:00:00.000000750,1963-07-01,720.2,
1970-01-01 00:00:00.000000751,1963-08-01,511.0,
1970-01-01 00:00:00.000000752,1963-09-01,223.9,
1970-01-01 00:00:00.000000753,1963-10-01,282.6,
1970-01-01 00:00:00.000000754,1963-11-01,93.4,
1970-01-01 00:00:00.000000755,1963-12-01,48.4,
1970-01-01 00:00:00.000000756,1964-01-01,1.1,
1970-01-01 00:00:00.000000757,1964-02-01,7.8,
1970-01-01 00:00:00.000000758,1964-03-01,67.2,
1970-01-01 00:00:00.000000759,1964-04-01,83.3,
1970-01-01 00:00:00.000000760,1964-05-01,94.8,
1970-01-01 00:00:00.000000761,1964-06-01,379.4,
1970-01-01 00:00:00.000000762,1964-07-01,754.2,
1970-01-01 00:00:00.000000763,1964-08-01,548.0,
1970-01-01 00:00:00.000000764,1964-09-01,398.2,
1970-01-01 00:00:00.000000765,1964-10-01,325.7,
1970-01-01 00:00:00.000000766,1964-11-01,191.7,
1970-01-01 00:00:00.000000767,1964-12-01,17.8,
1970-01-01 00:00:00.000000768,1965-01-01,9.1,
1970-01-01 00:00:00.000000769,1965-02-01,0.9,
1970-01-01 00:00:00.000000770,1965-03-01,28.3,
1970-01-01 00:00:00.000000771,1965-04-01,109.8,
1970-01-01 00:00:00.000000772,1965-05-01,214.5,
1970-01-01 00:00:00.000000773,1965-06-01,597.7,
1970-01-01 00:00:00.000000774,1965-07-01,465.1,
1970-01-01 00:00:00.000000775,1965-08-01,296.1,
1970-01-01 00:00:00.000000776,1965-09-01,150.1,
1970-01-01 00:00:00.000000777,1965-10-01,183.7,
1970-01-01 00:00:00.000000778,1965-11-01,131.7,
1970-01-01 00:00:00.000000779,1965-12-01,155.5,
1970-01-01 00:00:00.000000780,1966-01-01,3.0,
1970-01-01 00:00:00.000000781,1966-02-01,6.9,
1970-01-01 00:00:00.000000782,1966-03-01,67.7,
1970-01-01 00:00:00.000000783,1966-04-01,167.4,
1970-01-01 00:00:00.000000784,1966-05-01,95.2,
1970-01-01 00:00:00.000000785,1966-06-01,496.2,
1970-01-01 00:00:00.000000786,1966-07-01,601.9,
1970-01-01 00:00:00.000000787,1966-08-01,202.1,
1970-01-01 00:00:00.000000788,1966-09-01,293.2,
1970-01-01 00:00:00.000000789,1966-10-01,392.3,
1970-01-01 00:00:00.000000790,1966-11-01,245.4,
1970-01-01 00:00:00.000000791,1966-12-01,50.5,
1970-01-01 00:00:00.000000792,1967-01-01,14.3,
1970-01-01 00:00:00.000000793,1967-02-01,0.1,
1970-01-01 00:00:00.000000794,1967-03-01,24.6,
1970-01-01 00:00:00.000000795,1967-04-01,70.1,
1970-01-01 00:00:00.000000796,1967-05-01,244.9,
1970-01-01 00:00:00.000000797,1967-06-01,541.7,
1970-01-01 00:00:00.000000798,1967-07-01,741.4,
1970-01-01 00:00:00.000000799,1967-08-01,508.4,
1970-01-01 00:00:00.000000800,1967-09-01,145.8,
1970-01-01 00:00:00.000000801,1967-10-01,172.7,
1970-01-01 00:00:00.000000802,1967-11-01,74.0,
1970-01-01 00:00:00.000000803,1967-12-01,31.1,
1970-01-01 00:00:00.000000804,1968-01-01,7.3,
1970-01-01 00:00:00.000000805,1968-02-01,30.5,
1970-01-01 00:00:00.000000806,1968-03-01,89.2,
1970-01-01 00:00:00.000000807,1968-04-01,133.3,
1970-01-01 00:00:00.000000808,1968-05-01,90.0,
1970-01-01 00:00:00.000000809,1968-06-01,696.4,
1970-01-01 00:00:00.000000810,1968-07-01,1308.9,
1970-01-01 00:00:00.000000811,1968-08-01,380.7,
1970-01-01 00:00:00.000000812,1968-09-01,325.4,
1970-01-01 00:00:00.000000813,1968-10-01,178.9,
1970-01-01 00:00:00.000000814,1968-11-01,119.4,
1970-01-01 00:00:00.000000815,1968-12-01,32.7,
1970-01-01 00:00:00.000000816,1969-01-01,2.7,
1970-01-01 00:00:00.000000817,1969-02-01,6.4,
1970-01-01 00:00:00.000000818,1969-03-01,19.4,
1970-01-01 00:00:00.000000819,1969-04-01,117.2,
1970-01-01 00:00:00.000000820,1969-05-01,227.4,
1970-01-01 00:00:00.000000821,1969-06-01,550.5,
1970-01-01 00:00:00.000000822,1969-07-01,818.8,
1970-01-01 00:00:00.000000823,1969-08-01,284.8,
1970-01-01 00:00:00.000000824,1969-09-01,216.4,
1970-01-01 00:00:00.000000825,1969-10-01,235.6,
1970-01-01 00:00:00.000000826,1969-11-01,119.4,
1970-01-01 00:00:00.000000827,1969-12-01,66.3,
1970-01-01 00:00:00.000000828,1970-01-01,12.9,
1970-01-01 00:00:00.000000829,1970-02-01,17.6,
1970-01-01 00:00:00.000000830,1970-03-01,25.8,
1970-01-01 00:00:00.000000831,1970-04-01,132.7,
1970-01-01 00:00:00.000000832,1970-05-01,289.1,
1970-01-01 00:00:00.000000833,1970-06-01,535.3,
1970-01-01 00:00:00.000000834,1970-07-01,558.1,
1970-01-01 00:00:00.000000835,1970-08-01,554.8,
1970-01-01 00:00:00.000000836,1970-09-01,212.5,
1970-01-01 00:00:00.000000837,1970-10-01,278.3,
1970-01-01 00:00:00.000000838,1970-11-01,80.5,
1970-01-01 00:00:00.000000839,1970-12-01,5.7,
1970-01-01 00:00:00.000000840,1971-01-01,31.6,
1970-01-01 00:00:00.000000841,1971-02-01,18.5,
1970-01-01 00:00:00.000000842,1971-03-01,20.0,
1970-01-01 00:00:00.000000843,1971-04-01,113.0,
1970-01-01 00:00:00.000000844,1971-05-01,317.5,
1970-01-01 00:00:00.000000845,1971-06-01,889.6,
1970-01-01 00:00:00.000000846,1971-07-01,648.6,
1970-01-01 00:00:00.000000847,1971-08-01,385.2,
1970-01-01 00:00:00.000000848,1971-09-01,331.2,
1970-01-01 00:00:00.000000849,1971-10-01,220.9,
1970-01-01 00:00:00.000000850,1971-11-01,38.3,
1970-01-01 00:00:00.000000851,1971-12-01,62.3,
1970-01-01 00:00:00.000000852,1972-01-01,2.6,
1970-01-01 00:00:00.000000853,1972-02-01,7.5,
1970-01-01 00:00:00.000000854,1972-03-01,2.5,
1970-01-01 00:00:00.000000855,1972-04-01,87.5,
1970-01-01 00:00:00.000000856,1972-05-01,436.0,
1970-01-01 00:00:00.000000857,1972-06-01,401.8,
1970-01-01 00:00:00.000000858,1972-07-01,714.4,
1970-01-01 00:00:00.000000859,1972-08-01,294.9,
1970-01-01 00:00:00.000000860,1972-09-01,185.7,
1970-01-01 00:00:00.000000861,1972-10-01,351.5,
1970-01-01 00:00:00.000000862,1972-11-01,140.5,
1970-01-01 00:00:00.000000863,1972-12-01,114.3,
1970-01-01 00:00:00.000000864,1973-01-01,0.0,
1970-01-01 00:00:00.000000865,1973-02-01,0.3,
1970-01-01 00:00:00.000000866,1973-03-01,12.3,
1970-01-01 00:00:00.000000867,1973-04-01,131.5,
1970-01-01 00:00:00.000000868,1973-05-01,119.9,
1970-01-01 00:00:00.000000869,1973-06-01,617.0,
1970-01-01 00:00:00.000000870,1973-07-01,583.5,
1970-01-01 00:00:00.000000871,1973-08-01,487.5,
1970-01-01 00:00:00.000000872,1973-09-01,61.3,
1970-01-01 00:00:00.000000873,1973-10-01,260.8,
1970-01-01 00:00:00.000000874,1973-11-01,84.5,
1970-01-01 00:00:00.000000875,1973-12-01,53.8,
1970-01-01 00:00:00.000000876,1974-01-01,1.6,
1970-01-01 00:00:00.000000877,1974-02-01,5.4,
1970-01-01 00:00:00.000000878,1974-03-01,16.0,
1970-01-01 00:00:00.000000879,1974-04-01,128.0,
1970-01-01 00:00:00.000000880,1974-05-01,221.5,
1970-01-01 00:00:00.000000881,1974-06-01,266.9,
1970-01-01 00:00:00.000000882,1974-07-01,1004.2,
1970-01-01 00:00:00.000000883,1974-08-01,533.6,
1970-01-01 00:00:00.000000884,1974-09-01,383.6,
1970-01-01 00:00:00.000000885,1974-10-01,142.1,
1970-01-01 00:00:00.000000886,1974-11-01,61.0,
1970-01-01 00:00:00.000000887,1974-12-01,3.6,
1970-01-01 00:00:00.000000888,1975-01-01,5.2,
1970-01-01 00:00:00.000000889,1975-02-01,21.4,
1970-01-01 00:00:00.000000890,1975-03-01,63.4,
1970-01-01 00:00:00.000000891,1975-04-01,123.8,
1970-01-01 00:00:00.000000892,1975-05-01,162.2,
1970-01-01 00:00:00.000000893,1975-06-01,864.4,
1970-01-01 00:00:00.000000894,1975-07-01,531.3,
1970-01-01 00:00:00.000000895,1975-08-01,675.9,
1970-01-01 00:00:00.000000896,1975-09-01,457.7,
1970-01-01 00:00:00.000000897,1975-10-01,368.9,
1970-01-01 00:00:00.000000898,1975-11-01,204.3,
1970-01-01 00:00:00.000000899,1975-12-01,19.9,
1970-01-01 00:00:00.000000900,1976-01-01,0.1,
1970-01-01 00:00:00.000000901,1976-02-01,1.5,
1970-01-01 00:00:00.000000902,1976-03-01,21.0,
1970-01-01 00:00:00.000000903,1976-04-01,134.5,
1970-01-01 00:00:00.000000904,1976-05-01,75.8,
1970-01-01 00:00:00.000000905,1976-06-01,196.8,
1970-01-01 00:00:00.000000906,1976-07-01,641.5,
1970-01-01 00:00:00.000000907,1976-08-01,342.6,
1970-01-01 00:00:00.000000908,1976-09-01,116.2,
1970-01-01 00:00:00.000000909,1976-10-01,221.3,
1970-01-01 00:00:00.000000910,1976-11-01,286.7,
1970-01-01 00:00:00.000000911,1976-12-01,30.8,
1970-01-01 00:00:00.000000912,1977-01-01,1.1,
1970-01-01 00:00:00.000000913,1977-02-01,15.7,
1970-01-01 00:00:00.000000914,1977-03-01,28.3,
1970-01-01 00:00:00.000000915,1977-04-01,102.3,
1970-01-01 00:00:00.000000916,1977-05-01,306.4,
1970-01-01 00:00:00.000000917,1977-06-01,599.6,
1970-01-01 00:00:00.000000918,1977-07-01,753.3,
1970-01-01 00:00:00.000000919,1977-08-01,234.2,
1970-01-01 00:00:00.000000920,1977-09-01,201.3,
1970-01-01 00:00:00.000000921,1977-10-01,437.0,
1970-01-01 00:00:00.000000922,1977-11-01,361.7,
1970-01-01 00:00:00.000000923,1977-12-01,6.7,
1970-01-01 00:00:00.000000924,1978-01-01,3.3,
1970-01-01 00:00:00.000000925,1978-02-01,14.7,
1970-01-01 00:00:00.000000926,1978-03-01,31.4,
1970-01-01 00:00:00.000000927,1978-04-01,73.9,
1970-01-01 00:00:00.000000928,1978-05-01,396.8,
1970-01-01 00:00:00.000000929,1978-06-01,758.1,
1970-01-01 00:00:00.000000930,1978-07-01,686.7,
1970-01-01 00:00:00.000000931,1978-08-01,516.8,
1970-01-01 00:00:00.000000932,1978-09-01,119.4,
1970-01-01 00:00:00.000000933,1978-10-01,171.0,
1970-01-01 00:00:00.000000934,1978-11-01,365.6,
1970-01-01 00:00:00.000000935,1978-12-01,39.0,
1970-01-01 00:00:00.000000936,1979-01-01,2.4,
1970-01-01 00:00:00.000000937,1979-02-01,30.0,
1970-01-01 00:00:00.000000938,1979-03-01,11.7,
1970-01-01 00:00:00.000000939,1979-04-01,42.0,
1970-01-01 00:00:00.000000940,1979-05-01,127.7,
1970-01-01 00:00:00.000000941,1979-06-01,582.9,
1970-01-01 00:00:00.000000942,1979-07-01,662.2,
1970-01-01 00:00:00.000000943,1979-08-01,383.7,
1970-01-01 00:00:00.000000944,1979-09-01,211.7,
1970-01-01 00:00:00.000000945,1979-10-01,163.8,
1970-01-01 00:00:00.000000946,1979-11-01,261.7,
1970-01-01 00:00:00.000000947,1979-12-01,23.3,
1970-01-01 00:00:00.000000948,1980-01-01,0.0,
1970-01-01 00:00:00.000000949,1980-02-01,0.9,
1970-01-01 00:00:00.000000950,1980-03-01,20.8,
1970-01-01 00:00:00.000000951,1980-04-01,114.8,
1970-01-01 00:00:00.000000952,1980-05-01,105.3,
1970-01-01 00:00:00.000000953,1980-06-01,745.9,
1970-01-01 00:00:00.000000954,1980-07-01,754.0,
1970-01-01 00:00:00.000000955,1980-08-01,438.1,
1970-01-01 00:00:00.000000956,1980-09-01,139.5,
1970-01-01 00:00:00.000000957,1980-10-01,282.3,
1970-01-01 00:00:00.000000958,1980-11-01,162.3,
1970-01-01 00:00:00.000000959,1980-12-01,39.5,
1970-01-01 00:00:00.000000960,1981-01-01,7.0,
1970-01-01 00:00:00.000000961,1981-02-01,6.8,
1970-01-01 00:00:00.000000962,1981-03-01,28.5,
1970-01-01 00:00:00.000000963,1981-04-01,75.9,
1970-01-01 00:00:00.000000964,1981-05-01,166.3,
1970-01-01 00:00:00.000000965,1981-06-01,912.4,
1970-01-01 00:00:00.000000966,1981-07-01,489.8,
1970-01-01 00:00:00.000000967,1981-08-01,495.6,
1970-01-01 00:00:00.000000968,1981-09-01,376.6,
1970-01-01 00:00:00.000000969,1981-10-01,265.0,
1970-01-01 00:00:00.000000970,1981-11-01,138.6,
1970-01-01 00:00:00.000000971,1981-12-01,43.3,
1970-01-01 00:00:00.000000972,1982-01-01,0.7,
1970-01-01 00:00:00.000000973,1982-02-01,0.1,
1970-01-01 00:00:00.000000974,1982-03-01,21.9,
1970-01-01 00:00:00.000000975,1982-04-01,60.4,
1970-01-01 00:00:00.000000976,1982-05-01,148.2,
1970-01-01 00:00:00.000000977,1982-06-01,612.2,
1970-01-01 00:00:00.000000978,1982-07-01,511.5,
1970-01-01 00:00:00.000000979,1982-08-01,495.0,
1970-01-01 00:00:00.000000980,1982-09-01,70.6,
1970-01-01 00:00:00.000000981,1982-10-01,164.4,
1970-01-01 00:00:00.000000982,1982-11-01,127.5,
1970-01-01 00:00:00.000000983,1982-12-01,10.8,
1970-01-01 00:00:00.000000984,1983-01-01,0.2,
1970-01-01 00:00:00.000000985,1983-02-01,1.5,
1970-01-01 00:00:00.000000986,1983-03-01,0.9,
1970-01-01 00:00:00.000000987,1983-04-01,13.1,
1970-01-01 00:00:00.000000988,1983-05-01,76.0,
1970-01-01 00:00:00.000000989,1983-06-01,322.8,
1970-01-01 00:00:00.000000990,1983-07-01,583.2,
1970-01-01 00:00:00.000000991,1983-08-01,579.9,
1970-01-01 00:00:00.000000992,1983-09-01,421.1,
1970-01-01 00:00:00.000000993,1983-10-01,136.2,
1970-01-01 00:00:00.000000994,1983-11-01,116.5,
1970-01-01 00:00:00.000000995,1983-12-01,69.1,
1970-01-01 00:00:00.000000996,1984-01-01,36.8,
1970-01-01 00:00:00.000000997,1984-02-01,60.0,
1970-01-01 00:00:00.000000998,1984-03-01,95.3,
1970-01-01 00:00:00.000000999,1984-04-01,162.1,
1970-01-01 00:00:00.000001000,1984-05-01,84.6,
1970-01-01 00:00:00.000001001,1984-06-01,842.6,
1970-01-01 00:00:00.000001002,1984-07-01,653.6,
1970-01-01 00:00:00.000001003,1984-08-01,284.4,
1970-01-01 00:00:00.000001004,1984-09-01,171.1,
1970-01-01 00:00:00.000001005,1984-10-01,286.0,
1970-01-01 00:00:00.000001006,1984-11-01,67.7,
1970-01-01 00:00:00.000001007,1984-12-01,18.0,
1970-01-01 00:00:00.000001008,1985-01-01,61.2,
1970-01-01 00:00:00.000001009,1985-02-01,6.1,
1970-01-01 00:00:00.000001010,1985-03-01,29.3,
1970-01-01 00:00:00.000001011,1985-04-01,66.6,
1970-01-01 00:00:00.000001012,1985-05-01,254.2,
1970-01-01 00:00:00.000001013,1985-06-01,828.7,
1970-01-01 00:00:00.000001014,1985-07-01,388.9,
1970-01-01 00:00:00.000001015,1985-08-01,315.3,
1970-01-01 00:00:00.000001016,1985-09-01,117.6,
1970-01-01 00:00:00.000001017,1985-10-01,204.0,
1970-01-01 00:00:00.000001018,1985-11-01,74.9,
1970-01-01 00:00:00.000001019,1985-12-01,44.0,
1970-01-01 00:00:00.000001020,1986-01-01,5.6,
1970-01-01 00:00:00.000001021,1986-02-01,18.7,
1970-01-01 00:00:00.000001022,1986-03-01,11.2,
1970-01-01 00:00:00.000001023,1986-04-01,63.1,
1970-01-01 00:00:00.000001024,1986-05-01,126.7,
1970-01-01 00:00:00.000001025,1986-06-01,597.9,
1970-01-01 00:00:00.000001026,1986-07-01,324.8,
1970-01-01 00:00:00.000001027,1986-08-01,340.3,
1970-01-01 00:00:00.000001028,1986-09-01,235.4,
1970-01-01 00:00:00.000001029,1986-10-01,165.5,
1970-01-01 00:00:00.000001030,1986-11-01,194.7,
1970-01-01 00:00:00.000001031,1986-12-01,9.5,
1970-01-01 00:00:00.000001032,1987-01-01,0.6,
1970-01-01 00:00:00.000001033,1987-02-01,0.8,
1970-01-01 00:00:00.000001034,1987-03-01,4.3,
1970-01-01 00:00:00.000001035,1987-04-01,57.2,
1970-01-01 00:00:00.000001036,1987-05-01,108.3,
1970-01-01 00:00:00.000001037,1987-06-01,572.6,
1970-01-01 00:00:00.000001038,1987-07-01,221.0,
1970-01-01 00:00:00.000001039,1987-08-01,396.6,
1970-01-01 00:00:00.000001040,1987-09-01,157.0,
1970-01-01 00:00:00.000001041,1987-10-01,272.1,
1970-01-01 00:00:00.000001042,1987-11-01,216.0,
1970-01-01 00:00:00.000001043,1987-12-01,131.1,
1970-01-01 00:00:00.000001044,1988-01-01,0.8,
1970-01-01 00:00:00.000001045,1988-02-01,17.5,
1970-01-01 00:00:00.000001046,1988-03-01,38.1,
1970-01-01 00:00:00.000001047,1988-04-01,177.6,
1970-01-01 00:00:00.000001048,1988-05-01,157.2,
1970-01-01 00:00:00.000001049,1988-06-01,511.3,
1970-01-01 00:00:00.000001050,1988-07-01,502.8,
1970-01-01 00:00:00.000001051,1988-08-01,379.8,
1970-01-01 00:00:00.000001052,1988-09-01,451.7,
1970-01-01 00:00:00.000001053,1988-10-01,68.5,
1970-01-01 00:00:00.000001054,1988-11-01,67.0,
1970-01-01 00:00:00.000001055,1988-12-01,31.1,
1970-01-01 00:00:00.000001056,1989-01-01,10.3,
1970-01-01 00:00:00.000001057,1989-02-01,0.0,
1970-01-01 00:00:00.000001058,1989-03-01,30.1,
1970-01-01 00:00:00.000001059,1989-04-01,141.5,
1970-01-01 00:00:00.000001060,1989-05-01,169.4,
1970-01-01 00:00:00.000001061,1989-06-01,657.5,
1970-01-01 00:00:00.000001062,1989-07-01,450.7,
1970-01-01 00:00:00.000001063,1989-08-01,285.5,
1970-01-01 00:00:00.000001064,1989-09-01,271.1,
1970-01-01 00:00:00.000001065,1989-10-01,308.0,
1970-01-01 00:00:00.000001066,1989-11-01,92.9,
1970-01-01 00:00:00.000001067,1989-12-01,5.6,
1970-01-01 00:00:00.000001068,1990-01-01,14.9,
1970-01-01 00:00:00.000001069,1990-02-01,4.8,
1970-01-01 00:00:00.000001070,1990-03-01,18.0,
1970-01-01 00:00:00.000001071,1990-04-01,41.8,
1970-01-01 00:00:00.000001072,1990-05-01,488.5,
1970-01-01 00:00:00.000001073,1990-06-01,528.6,
1970-01-01 00:00:00.000001074,1990-07-01,635.4,
1970-01-01 00:00:00.000001075,1990-08-01,370.8,
1970-01-01 00:00:00.000001076,1990-09-01,103.3,
1970-01-01 00:00:00.000001077,1990-10-01,323.2,
1970-01-01 00:00:00.000001078,1990-11-01,158.8,
1970-01-01 00:00:00.000001079,1990-12-01,5.2,
1970-01-01 00:00:00.000001080,1991-01-01,10.9,
1970-01-01 00:00:00.000001081,1991-02-01,4.4,
1970-01-01 00:00:00.000001082,1991-03-01,33.2,
1970-01-01 00:00:00.000001083,1991-04-01,97.0,
1970-01-01 00:00:00.000001084,1991-05-01,113.4,
1970-01-01 00:00:00.000001085,1991-06-01,1096.1,
1970-01-01 00:00:00.000001086,1991-07-01,905.5,
1970-01-01 00:00:00.000001087,1991-08-01,465.5,
1970-01-01 00:00:00.000001088,1991-09-01,48.5,
1970-01-01 00:00:00.000001089,1991-10-01,307.8,
1970-01-01 00:00:00.000001090,1991-11-01,99.9,
1970-01-01 00:00:00.000001091,1991-12-01,2.3,
1970-01-01 00:00:00.000001092,1992-01-01,2.4,
1970-01-01 00:00:00.000001093,1992-02-01,0.9,
1970-01-01 00:00:00.000001094,1992-03-01,0.1,
1970-01-01 00:00:00.000001095,1992-04-01,43.0,
1970-01-01 00:00:00.000001096,1992-05-01,218.4,
1970-01-01 00:00:00.000001097,1992-06-01,819.3,
1970-01-01 00:00:00.000001098,1992-07-01,767.8,
1970-01-01 00:00:00.000001099,1992-08-01,508.0,
1970-01-01 00:00:00.000001100,1992-09-01,297.5,
1970-01-01 00:00:00.000001101,1992-10-01,290.7,
1970-01-01 00:00:00.000001102,1992-11-01,287.6,
1970-01-01 00:00:00.000001103,1992-12-01,3.7,
1970-01-01 00:00:00.000001104,1993-01-01,0.0,
1970-01-01 00:00:00.000001105,1993-02-01,17.8,
1970-01-01 00:00:00.000001106,1993-03-01,20.1,
1970-01-01 00:00:00.000001107,1993-04-01,66.5,
1970-01-01 00:00:00.000001108,1993-05-01,159.0,
1970-01-01 00:00:00.000001109,1993-06-01,657.1,
1970-01-01 00:00:00.000001110,1993-07-01,776.1,
1970-01-01 00:00:00.000001111,1993-08-01,301.9,
1970-01-01 00:00:00.000001112,1993-09-01,88.0,
1970-01-01 00:00:00.000001113,1993-10-01,431.2,
1970-01-01 00:00:00.000001114,1993-11-01,153.8,
1970-01-01 00:00:00.000001115,1993-12-01,46.2,
1970-01-01 00:00:00.000001116,1994-01-01,24.3,
1970-01-01 00:00:00.000001117,1994-02-01,27.1,
1970-01-01 00:00:00.000001118,1994-03-01,18.1,
1970-01-01 00:00:00.000001119,1994-04-01,154.5,
1970-01-01 00:00:00.000001120,1994-05-01,141.3,
1970-01-01 00:00:00.000001121,1994-06-01,845.0,
1970-01-01 00:00:00.000001122,1994-07-01,955.5,
1970-01-01 00:00:00.000001123,1994-08-01,479.9,
1970-01-01 00:00:00.000001124,1994-09-01,212.6,
1970-01-01 00:00:00.000001125,1994-10-01,428.4,
1970-01-01 00:00:00.000001126,1994-11-01,117.6,
1970-01-01 00:00:00.000001127,1994-12-01,6.5,
1970-01-01 00:00:00.000001128,1995-01-01,10.3,
1970-01-01 00:00:00.000001129,1995-02-01,6.5,
1970-01-01 00:00:00.000001130,1995-03-01,37.3,
1970-01-01 00:00:00.000001131,1995-04-01,134.9,
1970-01-01 00:00:00.000001132,1995-05-01,355.6,
1970-01-01 00:00:00.000001133,1995-06-01,493.4,
1970-01-01 00:00:00.000001134,1995-07-01,702.5,
1970-01-01 00:00:00.000001135,1995-08-01,457.3,
1970-01-01 00:00:00.000001136,1995-09-01,280.0,
1970-01-01 00:00:00.000001137,1995-10-01,198.3,
1970-01-01 00:00:00.000001138,1995-11-01,182.6,
1970-01-01 00:00:00.000001139,1995-12-01,0.1,
1970-01-01 00:00:00.000001140,1996-01-01,2.8,
1970-01-01 00:00:00.000001141,1996-02-01,9.1,
1970-01-01 00:00:00.000001142,1996-03-01,14.4,
1970-01-01 00:00:00.000001143,1996-04-01,124.3,
1970-01-01 00:00:00.000001144,1996-05-01,74.3,
1970-01-01 00:00:00.000001145,1996-06-01,572.4,
1970-01-01 00:00:00.000001146,1996-07-01,696.0,
1970-01-01 00:00:00.000001147,1996-08-01,327.4,
1970-01-01 00:00:00.000001148,1996-09-01,342.7,
1970-01-01 00:00:00.000001149,1996-10-01,294.1,
1970-01-01 00:00:00.000001150,1996-11-01,89.9,
1970-01-01 00:00:00.000001151,1996-12-01,62.5,
1970-01-01 00:00:00.000001152,1997-01-01,2.1,
1970-01-01 00:00:00.000001153,1997-02-01,1.5,
1970-01-01 00:00:00.000001154,1997-03-01,36.1,
1970-01-01 00:00:00.000001155,1997-04-01,60.6,
1970-01-01 00:00:00.000001156,1997-05-01,133.6,
1970-01-01 00:00:00.000001157,1997-06-01,544.2,
1970-01-01 00:00:00.000001158,1997-07-01,970.5,
1970-01-01 00:00:00.000001159,1997-08-01,536.0,
1970-01-01 00:00:00.000001160,1997-09-01,292.2,
1970-01-01 00:00:00.000001161,1997-10-01,288.9,
1970-01-01 00:00:00.000001162,1997-11-01,298.4,
1970-01-01 00:00:00.000001163,1997-12-01,88.4,
1970-01-01 00:00:00.000001164,1998-01-01,6.0,
1970-01-01 00:00:00.000001165,1998-02-01,2.1,
1970-01-01 00:00:00.000001166,1998-03-01,8.1,
1970-01-01 00:00:00.000001167,1998-04-01,61.1,
1970-01-01 00:00:00.000001168,1998-05-01,151.6,
1970-01-01 00:00:00.000001169,1998-06-01,732.5,
1970-01-01 00:00:00.000001170,1998-07-01,641.4,
1970-01-01 00:00:00.000001171,1998-08-01,371.8,
1970-01-01 00:00:00.000001172,1998-09-01,517.6,
1970-01-01 00:00:00.000001173,1998-10-01,444.8,
1970-01-01 00:00:00.000001174,1998-11-01,135.0,
1970-01-01 00:00:00.000001175,1998-12-01,79.4,
1970-01-01 00:00:00.000001176,1999-01-01,1.8,
1970-01-01 00:00:00.000001177,1999-02-01,23.8,
1970-01-01 00:00:00.000001178,1999-03-01,21.4,
1970-01-01 00:00:00.000001179,1999-04-01,111.6,
1970-01-01 00:00:00.000001180,1999-05-01,453.2,
1970-01-01 00:00:00.000001181,1999-06-01,607.3,
1970-01-01 00:00:00.000001182,1999-07-01,700.4,
1970-01-01 00:00:00.000001183,1999-08-01,266.3,
1970-01-01 00:00:00.000001184,1999-09-01,88.0,
1970-01-01 00:00:00.000001185,1999-10-01,567.9,
1970-01-01 00:00:00.000001186,1999-11-01,68.1,
1970-01-01 00:00:00.000001187,1999-12-01,4.9,
1970-01-01 00:00:00.000001188,2000-01-01,11.7,
1970-01-01 00:00:00.000001189,2000-02-01,57.8,
1970-01-01 00:00:00.000001190,2000-03-01,21.5,
1970-01-01 00:00:00.000001191,2000-04-01,96.3,
1970-01-01 00:00:00.000001192,2000-05-01,124.5,
1970-01-01 00:00:00.000001193,2000-06-01,633.8,
1970-01-01 00:00:00.000001194,2000-07-01,343.2,
1970-01-01 00:00:00.000001195,2000-08-01,566.5,
1970-01-01 00:00:00.000001196,2000-09-01,195.8,
1970-01-01 00:00:00.000001197,2000-10-01,214.2,
1970-01-01 00:00:00.000001198,2000-11-01,78.1,
1970-01-01 00:00:00.000001199,2000-12-01,69.1,
1970-01-01 00:00:00.000001200,2001-01-01,16.5,
1970-01-01 00:00:00.000001201,2001-02-01,28.3,
1970-01-01 00:00:00.000001202,2001-03-01,7.0,
1970-01-01 00:00:00.000001203,2001-04-01,238.0,
1970-01-01 00:00:00.000001204,2001-05-01,238.6,
1970-01-01 00:00:00.000001205,2001-06-01,715.3,
1970-01-01 00:00:00.000001206,2001-07-01,598.5,
1970-01-01 00:00:00.000001207,2001-08-01,361.3,
1970-01-01 00:00:00.000001208,2001-09-01,216.8,
1970-01-01 00:00:00.000001209,2001-10-01,319.6,
1970-01-01 00:00:00.000001210,2001-11-01,181.0,
1970-01-01 00:00:00.000001211,2001-12-01,10.1,
1970-01-01 00:00:00.000001212,2002-01-01,4.7,
1970-01-01 00:00:00.000001213,2002-02-01,8.7,
1970-01-01 00:00:00.000001214,2002-03-01,35.7,
1970-01-01 00:00:00.000001215,2002-04-01,117.3,
1970-01-01 00:00:00.000001216,2002-05-01,330.8,
1970-01-01 00:00:00.000001217,2002-06-01,503.1,
1970-01-01 00:00:00.000001218,2002-07-01,318.7,
1970-01-01 00:00:00.000001219,2002-08-01,438.2,
1970-01-01 00:00:00.000001220,2002-09-01,99.0,
1970-01-01 00:00:00.000001221,2002-10-01,511.7,
1970-01-01 00:00:00.000001222,2002-11-01,137.5,
1970-01-01 00:00:00.000001223,2002-12-01,2.1,
1970-01-01 00:00:00.000001224,2003-01-01,0.7,
1970-01-01 00:00:00.000001225,2003-02-01,50.9,
1970-01-01 00:00:00.000001226,2003-03-01,82.1,
1970-01-01 00:00:00.000001227,2003-04-01,134.4,
1970-01-01 00:00:00.000001228,2003-05-01,91.0,
1970-01-01 00:00:00.000001229,2003-06-01,566.7,
1970-01-01 00:00:00.000001230,2003-07-01,532.0,
1970-01-01 00:00:00.000001231,2003-08-01,350.3,
1970-01-01 00:00:00.000001232,2003-09-01,93.6,
1970-01-01 00:00:00.000001233,2003-10-01,407.0,
1970-01-01 00:00:00.000001234,2003-11-01,76.4,
1970-01-01 00:00:00.000001235,2003-12-01,9.7,
1970-01-01 00:00:00.000001236,2004-01-01,2.4,
1970-01-01 00:00:00.000001237,2004-02-01,8.1,
1970-01-01 00:00:00.000001238,2004-03-01,37.9,
1970-01-01 00:00:00.000001239,2004-04-01,113.2,
1970-01-01 00:00:00.000001240,2004-05-01,610.9,
1970-01-01 00:00:00.000001241,2004-06-01,673.4,
1970-01-01 00:00:00.000001242,2004-07-01,385.4,
1970-01-01 00:00:00.000001243,2004-08-01,417.9,
1970-01-01 00:00:00.000001244,2004-09-01,192.8,
1970-01-01 00:00:00.000001245,2004-10-01,320.6,
1970-01-01 00:00:00.000001246,2004-11-01,120.7,
1970-01-01 00:00:00.000001247,2004-12-01,2.7,
1970-01-01 00:00:00.000001248,2005-01-01,19.8,
1970-01-01 00:00:00.000001249,2005-02-01,7.0,
1970-01-01 00:00:00.000001250,2005-03-01,25.3,
1970-01-01 00:00:00.000001251,2005-04-01,205.9,
1970-01-01 00:00:00.000001252,2005-05-01,134.8,
1970-01-01 00:00:00.000001253,2005-06-01,619.2,
1970-01-01 00:00:00.000001254,2005-07-01,832.7,
1970-01-01 00:00:00.000001255,2005-08-01,291.0,
1970-01-01 00:00:00.000001256,2005-09-01,414.7,
1970-01-01 00:00:00.000001257,2005-10-01,240.1,
1970-01-01 00:00:00.000001258,2005-11-01,184.3,
1970-01-01 00:00:00.000001259,2005-12-01,56.4,
1970-01-01 00:00:00.000001260,2006-01-01,8.1,
1970-01-01 00:00:00.000001261,2006-02-01,0.5,
1970-01-01 00:00:00.000001262,2006-03-01,90.7,
1970-01-01 00:00:00.000001263,2006-04-01,65.3,
1970-01-01 00:00:00.000001264,2006-05-01,521.2,
1970-01-01 00:00:00.000001265,2006-06-01,482.4,
1970-01-01 00:00:00.000001266,2006-07-01,804.0,
1970-01-01 00:00:00.000001267,2006-08-01,432.6,
1970-01-01 00:00:00.000001268,2006-09-01,474.8,
1970-01-01 00:00:00.000001269,2006-10-01,376.4,
1970-01-01 00:00:00.000001270,2006-11-01,162.8,
1970-01-01 00:00:00.000001271,2006-12-01,1.8,
1970-01-01 00:00:00.000001272,2007-01-01,0.5,
1970-01-01 00:00:00.000001273,2007-02-01,5.6,
1970-01-01 00:00:00.000001274,2007-03-01,7.3,
1970-01-01 00:00:00.000001275,2007-04-01,138.5,
1970-01-01 00:00:00.000001276,2007-05-01,192.7,
1970-01-01 00:00:00.000001277,2007-06-01,705.9,
1970-01-01 00:00:00.000001278,2007-07-01,966.3,
1970-01-01 00:00:00.000001279,2007-08-01,489.6,
1970-01-01 00:00:00.000001280,2007-09-01,526.7,
1970-01-01 00:00:00.000001281,2007-10-01,357.2,
1970-01-01 00:00:00.000001282,2007-11-01,87.4,
1970-01-01 00:00:00.000001283,2007-12-01,11.9,
1970-01-01 00:00:00.000001284,2008-01-01,0.8,
1970-01-01 00:00:00.000001285,2008-02-01,30.3,
1970-01-01 00:00:00.000001286,2008-03-01,217.2,
1970-01-01 00:00:00.000001287,2008-04-01,108.4,
1970-01-01 00:00:00.000001288,2008-05-01,81.2,
1970-01-01 00:00:00.000001289,2008-06-01,469.9,
1970-01-01 00:00:00.000001290,2008-07-01,505.1,
1970-01-01 00:00:00.000001291,2008-08-01,349.0,
1970-01-01 00:00:00.000001292,2008-09-01,347.0,
1970-01-01 00:00:00.000001293,2008-10-01,343.4,
1970-01-01 00:00:00.000001294,2008-11-01,55.4,
1970-01-01 00:00:00.000001295,2008-12-01,17.0,
1970-01-01 00:00:00.000001296,2009-01-01,3.3,
1970-01-01 00:00:00.000001297,2009-02-01,1.5,
1970-01-01 00:00:00.000001298,2009-03-01,62.6,
1970-01-01 00:00:00.000001299,2009-04-01,69.0,
1970-01-01 00:00:00.000001300,2009-05-01,191.6,250.53156851778851
1970-01-01 00:00:00.000001301,2009-06-01,438.2,574.471054519477
1970-01-01 00:00:00.000001302,2009-07-01,924.9,665.5087024616749
1970-01-01 00:00:00.000001303,2009-08-01,269.3,396.5186436216957
1970-01-01 00:00:00.000001304,2009-09-01,326.5,371.45301341326734
1970-01-01 00:00:00.000001305,2009-10-01,205.2,333.06451685945467
1970-01-01 00:00:00.000001306,2009-11-01,274.4,95.40077702497298
1970-01-01 00:00:00.000001307,2009-12-01,44.2,27.539974920234425
1970-01-01 00:00:00.000001308,2010-01-01,18.6,-7.4317047619501055
1970-01-01 00:00:00.000001309,2010-02-01,1.0,19.35934977171032
1970-01-01 00:00:00.000001310,2010-03-01,31.4,72.14284992023047
1970-01-01 00:00:00.000001311,2010-04-01,138.9,116.87220426605022
1970-01-01 00:00:00.000001312,2010-05-01,190.6,209.816724928718
1970-01-01 00:00:00.000001313,2010-06-01,667.5,557.9829950203099
1970-01-01 00:00:00.000001314,2010-07-01,629.0,697.3249552753018
1970-01-01 00:00:00.000001315,2010-08-01,356.0,388.7967093224864
1970-01-01 00:00:00.000001316,2010-09-01,275.6,393.9598511668589
1970-01-01 00:00:00.000001317,2010-10-01,441.4,330.78636851634025
1970-01-01 00:00:00.000001318,2010-11-01,335.1,96.64074576491254
1970-01-01 00:00:00.000001319,2010-12-01,46.8,29.861682426067404
1970-01-01 00:00:00.000001320,2011-01-01,20.5,-8.811487255459653
1970-01-01 00:00:00.000001321,2011-02-01,45.7,19.25994723226357
1970-01-01 00:00:00.000001322,2011-03-01,24.1,76.7969240021141
1970-01-01 00:00:00.000001323,2011-04-01,165.2,104.24113837215044
1970-01-01 00:00:00.000001324,2011-05-01,124.2,226.067111724632
1970-01-01 00:00:00.000001325,2011-06-01,788.5,548.5684192134954
1970-01-01 00:00:00.000001326,2011-07-01,536.8,687.1080283861553
1970-01-01 00:00:00.000001327,2011-08-01,492.7,400.7343321086148
1970-01-01 00:00:00.000001328,2011-09-01,391.2,394.9272529625565
1970-01-01 00:00:00.000001329,2011-10-01,227.2,340.47521063435534
1970-01-01 00:00:00.000001330,2011-11-01,169.7,88.15338960255973
1970-01-01 00:00:00.000001331,2011-12-01,49.5,25.045430852180704
1970-01-01 00:00:00.000001332,2012-01-01,7.4,-9.528969455628127
1970-01-01 00:00:00.000001333,2012-02-01,11.0,20.84834103607599
1970-01-01 00:00:00.000001334,2012-03-01,21.0,76.89477998911916
1970-01-01 00:00:00.000001335,2012-04-01,171.1,108.78581367076202
1970-01-01 00:00:00.000001336,2012-05-01,95.3,186.62379056065052
1970-01-01 00:00:00.000001337,2012-06-01,430.3,554.4358441436751
1970-01-01 00:00:00.000001338,2012-07-01,362.6,672.566802426765
1970-01-01 00:00:00.000001339,2012-08-01,501.6,395.0323167075547
1970-01-01 00:00:00.000001340,2012-09-01,241.1,385.8937482771418
1970-01-01 00:00:00.000001341,2012-10-01,187.5,334.1815235468437
1970-01-01 00:00:00.000001342,2012-11-01,112.9,78.697753386415
1970-01-01 00:00:00.000001343,2012-12-01,9.4,26.747525709403504
1970-01-01 00:00:00.000001344,2013-01-01,3.9,-9.573050224116804
1970-01-01 00:00:00.000001345,2013-02-01,40.1,21.94079837173296
1970-01-01 00:00:00.000001346,2013-03-01,49.9,88.15501280147353
1970-01-01 00:00:00.000001347,2013-04-01,49.3,103.33968444798847
1970-01-01 00:00:00.000001348,2013-05-01,119.3,184.15156356845617
1970-01-01 00:00:00.000001349,2013-06-01,1042.7,531.2344273998749
1970-01-01 00:00:00.000001350,2013-07-01,830.2,630.1388831075508
1970-01-01 00:00:00.000001351,2013-08-01,369.7,380.1121970190526
1970-01-01 00:00:00.000001352,2013-09-01,318.6,366.1346957706653
1970-01-01 00:00:00.000001353,2013-10-01,259.9,329.3087924475521
1970-01-01 00:00:00.000001354,2013-11-01,154.9,77.35783666705585
1970-01-01 00:00:00.000001355,2013-12-01,17.0,27.795682041564955
1970-01-01 00:00:00.000001356,2014-01-01,4.6,-10.002520511969912
1970-01-01 00:00:00.000001357,2014-02-01,10.3,20.003711720619645
1970-01-01 00:00:00.000001358,2014-03-01,17.9,71.85545516551258
1970-01-01 00:00:00.000001359,2014-04-01,95.7,101.3219476094317
1970-01-01 00:00:00.000001360,2014-05-01,251.0,197.41156442867677
1970-01-01 00:00:00.000001361,2014-06-01,454.4,536.4826518946819
1970-01-01 00:00:00.000001362,2014-07-01,677.8,643.423467279862
1970-01-01 00:00:00.000001363,2014-08-01,733.9,381.6963175982696
1970-01-01 00:00:00.000001364,2014-09-01,298.8,367.0754107500623
1970-01-01 00:00:00.000001365,2014-10-01,355.5,325.45921073553296
1970-01-01 00:00:00.000001366,2014-11-01,99.5,80.54294159628023
1970-01-01 00:00:00.000001367,2014-12-01,47.2,28.715218804582925
1970-01-01 00:00:00.000001368,2015-01-01,3.1,-11.154310850716715
1970-01-01 00:00:00.000001369,2015-02-01,5.8,21.813512689699976
1970-01-01 00:00:00.000001370,2015-03-01,50.1,72.88724128559109
1970-01-01 00:00:00.000001371,2015-04-01,214.1,104.69700432015678
1970-01-01 00:00:00.000001372,2015-05-01,201.8,191.0883787458504
1970-01-01 00:00:00.000001373,2015-06-01,563.6,529.1691813059471
1970-01-01 00:00:00.000001374,2015-07-01,406.0,639.1065191441287
1970-01-01 00:00:00.000001375,2015-08-01,252.2,377.9179406786466
1970-01-01 00:00:00.000001376,2015-09-01,292.9,365.64376592100894
1970-01-01 00:00:00.000001377,2015-10-01,308.1,322.7944289862288
1970-01-01 00:00:00.000001378,2015-11-01,223.6,79.03349708352688
1970-01-01 00:00:00.000001379,2015-12-01,79.4,28.463607568368285
1970-01-01 00:00:00.000001380,2016-01-01,3.0,-11.25117888415461
1970-01-01 00:00:00.000001381,2016-02-01,16.4,21.72327343068502
1970-01-01 00:00:00.000001382,2016-03-01,22.4,72.80888280485922
1970-01-01 00:00:00.000001383,2016-04-01,33.3,102.5392992646546
1970-01-01 00:00:00.000001384,2016-05-01,258.4,188.63938725231253
1970-01-01 00:00:00.000001385,2016-06-01,595.7,523.3681921372199
1970-01-01 00:00:00.000001386,2016-07-01,441.5,630.3480741226178
1970-01-01 00:00:00.000001387,2016-08-01,231.0,375.067274541962
1970-01-01 00:00:00.000001388,2016-09-01,84.1,361.3179187889057
1970-01-01 00:00:00.000001389,2016-10-01,105.1,320.3668807649584
1970-01-01 00:00:00.000001390,2016-11-01,57.9,76.8282556458301
1970-01-01 00:00:00.000001391,2016-12-01,22.0,27.88800590578248
1970-01-01 00:00:00.000001392,2017-01-01,12.7,-11.267007775504862
1970-01-01 00:00:00.000001393,2017-02-01,0.3,21.755531359252693
1970-01-01 00:00:00.000001394,2017-03-01,87.8,72.44081143281531
1970-01-01 00:00:00.000001395,2017-04-01,52.8,101.77039300988908
1970-01-01 00:00:00.000001396,2017-05-01,213.3,183.00737816948975
1970-01-01 00:00:00.000001397,2017-06-01,579.8,517.917686201054
1970-01-01 00:00:00.000001398,2017-07-01,378.5,620.8300172027585
1970-01-01 00:00:00.000001399,2017-08-01,462.6,370.1833035348658
1970-01-01 00:00:00.000001400,2017-09-01,435.5,355.89624727846376
1970-01-01 00:00:00.000001401,2017-10-01,228.0,316.42532926947075
1970-01-01 00:00:00.000001402,2017-11-01,152.1,75.16225509167444
1970-01-01 00:00:00.000001403,2017-12-01,61.4,27.931480601737004
